lat,lon,zoom,title,timestamp
28.613900,77.209000,15,Google Maps,2026-01-15T17:03:11.739245
28.613900,77.219000,15,Google Maps,2026-01-15T17:03:16.016829
28.613900,77.229000,15,Google Maps,2026-01-15T17:03:20.033735
28.623900,77.209000,15,Google Maps,2026-01-15T17:03:24.215849
28.623900,77.219000,15,Google Maps,2026-01-15T17:03:28.412043
28.623900,77.229000,15,Google Maps,2026-01-15T17:03:33.398732
28.633900,77.209000,15,Google Maps,2026-01-15T17:03:37.513007
28.633900,77.219000,15,Google Maps,2026-01-15T17:03:41.588938
28.633900,77.229000,15,Google Maps,2026-01-15T17:03:45.944243

# auto-commit
